fold,subset,skeleton_id,skeleton_csv,timestamp_start_s,timestamp_end_s,maneuver_label,base_clip_id,route_anchor,official_maneuver_label,official_fixed_frame_start,official_fixed_frame_end,official_fixed_sec_start,official_fixed_sec_end
2,train,Participant_11_910_T1R21S1_4_cam2rgbfixed,Full33SkeletonData/stage1_scene_clips_20260622/Participant_11_910_T1R21S1_4_cam2rgbfixed_skeleton.csv,0.026489,11.098749999999997,straight,Participant_11_910_T1R21S1_4_cam2rgbfixed,4,straight,382,591,20.237338,31.309599
2,train,Participant_11_910_T1R21S2_6_cam2rgbfixed,Full33SkeletonData/stage1_scene_clips_20260622/Participant_11_910_T1R21S2_6_cam2rgbfixed_skeleton.csv,0.026489,10.092488999999995,straight,Participant_11_910_T1R21S2_6_cam2rgbfixed,6,straight,873,1063,46.249205,56.315205
2,train,Participant_11_910_T1R21S3_2_cam2rgbfixed,Full33SkeletonData/stage1_scene_clips_20260622/Participant_11_910_T1R21S3_2_cam2rgbfixed_skeleton.csv,0.026489,10.887489000000018,straight,Participant_11_910_T1R21S3_2_cam2rgbfixed,2,straight,3380,3585,179.063361,189.924361
2,train,Participant_11_910_T1R21S4_1_cam2rgbfixed,Full33SkeletonData/stage1_scene_clips_20260622/Participant_11_910_T1R21S4_1_cam2rgbfixed_skeleton.csv,0.026489,10.14515899999998,straight,Participant_11_910_T1R21S4_1_cam2rgbfixed,1,straight,4435,4626,234.954439,245.073109
2,train,Participant_11_294_T2R12S1_1_cam2rgbfixed,Full33SkeletonData/stage1_scene_clips_20260622/Participant_11_294_T2R12S1_1_cam2rgbfixed_skeleton.csv,0.026413,11.384046,straight,Participant_11_294_T2R12S1_1_cam2rgbfixed,1,straight,45,260,2.377179,13.734812
2,train,Participant_11_294_T2R12S4_4_cam2rgbfixed,Full33SkeletonData/stage1_scene_clips_20260622/Participant_11_294_T2R12S4_4_cam2rgbfixed_skeleton.csv,0.026413,11.225567000000021,straight,Participant_11_294_T2R12S4_4_cam2rgbfixed,4,straight,3972,4184,209.825674,221.024828
2,train,Participant_11_294_T2R12S5_6_cam2rgbfixed,Full33SkeletonData/stage1_scene_clips_20260622/Participant_11_294_T2R12S5_6_cam2rgbfixed_skeleton.csv,0.026413,10.802412999999982,straight,Participant_11_294_T2R12S5_6_cam2rgbfixed,6,straight,4466,4670,235.921817,246.697817
2,train,Participant_11_294_T2R12S6_2_cam2rgbfixed,Full33SkeletonData/stage1_scene_clips_20260622/Participant_11_294_T2R12S6_2_cam2rgbfixed_skeleton.csv,0.026413,10.750132000000017,straight,Participant_11_294_T2R12S6_2_cam2rgbfixed,2,straight,7001,7204,369.836239,380.559958
2,train,Participant_11_054_T3R12S1_1_cam2rgbfixed,Full33SkeletonData/stage1_scene_clips_20260622/Participant_11_054_T3R12S1_1_cam2rgbfixed_skeleton.csv,0.026162,10.491338999999996,straight,Participant_11_054_T3R12S1_1_cam2rgbfixed,1,straight,317,517,16.587306,27.052483
2,train,Participant_11_054_T3R12S4_4_cam2rgbfixed,Full33SkeletonData/stage1_scene_clips_20260622/Participant_11_054_T3R12S4_4_cam2rgbfixed_skeleton.csv,0.026162,11.223162000000002,straight,Participant_11_054_T3R12S4_4_cam2rgbfixed,4,straight,4293,4507,224.635027,235.832027
2,train,Participant_11_054_T3R12S5_6_cam2rgbfixed,Full33SkeletonData/stage1_scene_clips_20260622/Participant_11_054_T3R12S5_6_cam2rgbfixed_skeleton.csv,0.026162,10.595989999999972,straight,Participant_11_054_T3R12S5_6_cam2rgbfixed,6,straight,4795,4997,250.902622,261.47245
2,train,Participant_11_054_T3R12S6_2_cam2rgbfixed,Full33SkeletonData/stage1_scene_clips_20260622/Participant_11_054_T3R12S6_2_cam2rgbfixed_skeleton.csv,0.026162,10.543664999999976,straight,Participant_11_054_T3R12S6_2_cam2rgbfixed,2,straight,7318,7519,382.920831,393.438334
2,train,Participant_12_781_T1R21S1_4_cam2rgbfixed,Full33SkeletonData/stage1_scene_clips_20260622/Participant_12_781_T1R21S1_4_cam2rgbfixed_skeleton.csv,0.026266,10.427610999999999,straight,Participant_12_781_T1R21S1_4_cam2rgbfixed,4,straight,545,743,28.629964,39.031309
2,train,Participant_12_781_T1R21S2_6_cam2rgbfixed,Full33SkeletonData/stage1_scene_clips_20260622/Participant_12_781_T1R21S2_6_cam2rgbfixed_skeleton.csv,0.026266,10.060265999999999,straight,Participant_12_781_T1R21S2_6_cam2rgbfixed,6,straight,1018,1209,53.477621,63.511621
2,train,Participant_12_781_T1R21S3_2_cam2rgbfixed,Full33SkeletonData/stage1_scene_clips_20260622/Participant_12_781_T1R21S3_2_cam2rgbfixed_skeleton.csv,0.026266,10.112778999999996,yield,Participant_12_781_T1R21S3_2_cam2rgbfixed,2,yield,3658,3850,192.162219,202.248732
2,train,Participant_12_781_T1R21S4_1_cam2rgbfixed,Full33SkeletonData/stage1_scene_clips_20260622/Participant_12_781_T1R21S4_1_cam2rgbfixed_skeleton.csv,0.026266,12.371297000000006,yield,Participant_12_781_T1R21S4_1_cam2rgbfixed,1,yield,4919,5154,258.405127,270.750158
2,train,Participant_12_582_T2R12S1_1_cam2rgbfixed,Full33SkeletonData/stage1_scene_clips_20260622/Participant_12_582_T2R12S1_1_cam2rgbfixed_skeleton.csv,0.026044,10.860043999999997,overtake,Participant_12_582_T2R12S1_1_cam2rgbfixed,1,overtake_left,499,707,25.992291,36.826291
2,train,Participant_12_582_T2R12S4_4_cam2rgbfixed,Full33SkeletonData/stage1_scene_clips_20260622/Participant_12_582_T2R12S4_4_cam2rgbfixed_skeleton.csv,0.026044,11.381393999999988,straight,Participant_12_582_T2R12S4_4_cam2rgbfixed,4,straight,4804,5022,250.234399,261.589749
2,train,Participant_12_582_T2R12S5_6_cam2rgbfixed,Full33SkeletonData/stage1_scene_clips_20260622/Participant_12_582_T2R12S5_6_cam2rgbfixed_skeleton.csv,0.026044,10.079043999999998,yield,Participant_12_582_T2R12S5_6_cam2rgbfixed,6,yield,5356,5549,278.987395,289.040395
2,train,Participant_12_582_T2R12S6_2_cam2rgbfixed,Full33SkeletonData/stage1_scene_clips_20260622/Participant_12_582_T2R12S6_2_cam2rgbfixed_skeleton.csv,0.026044,11.537660000000004,straight,Participant_12_582_T2R12S6_2_cam2rgbfixed,2,straight,8204,8425,427.336181,438.847797
2,train,Participant_12_893_T3R21S1_4_cam2rgbfixed,Full33SkeletonData/stage1_scene_clips_20260622/Participant_12_893_T3R21S1_4_cam2rgbfixed_skeleton.csv,0.026478,10.564499000000001,straight,Participant_12_893_T3R21S1_4_cam2rgbfixed,4,straight,276,475,14.615548,25.153569
2,train,Participant_12_893_T3R21S2_6_cam2rgbfixed,Full33SkeletonData/stage1_scene_clips_20260622/Participant_12_893_T3R21S2_6_cam2rgbfixed_skeleton.csv,0.026478,10.087906,straight,Participant_12_893_T3R21S2_6_cam2rgbfixed,6,straight,792,982,41.940267,52.001695
2,train,Participant_12_893_T3R21S3_2_cam2rgbfixed,Full33SkeletonData/stage1_scene_clips_20260622/Participant_12_893_T3R21S3_2_cam2rgbfixed_skeleton.csv,0.026478,11.411778000000002,straight,Participant_12_893_T3R21S3_2_cam2rgbfixed,2,straight,3241,3456,171.626774,183.012074
2,train,Participant_12_893_T3R21S4_1_cam2rgbfixed,Full33SkeletonData/stage1_scene_clips_20260622/Participant_12_893_T3R21S4_1_cam2rgbfixed_skeleton.csv,0.026478,10.087853999999997,yield,Participant_12_893_T3R21S4_1_cam2rgbfixed,1,yield,4395,4585,232.736708,242.798084
2,train,Participant_17_411_T1R21S1_4_cam2rgbfixed,Full33SkeletonData/stage1_scene_clips_20260622/Participant_17_411_T1R21S1_4_cam2rgbfixed_skeleton.csv,0.030656,12.477007000000002,yield,Participant_17_411_T1R21S1_4_cam2rgbfixed,4,yield,64,266,3.923974,16.370325
2,train,Participant_17_411_T1R21S2_6_cam2rgbfixed,Full33SkeletonData/stage1_scene_clips_20260622/Participant_17_411_T1R21S2_6_cam2rgbfixed_skeleton.csv,0.030656,10.085655999999993,straight,Participant_17_411_T1R21S2_6_cam2rgbfixed,6,straight,944,1108,57.878602,67.933602
2,train,Participant_17_411_T1R21S3_2_cam2rgbfixed,Full33SkeletonData/stage1_scene_clips_20260622/Participant_17_411_T1R21S3_2_cam2rgbfixed_skeleton.csv,0.030656,10.269772999999994,yield,Participant_17_411_T1R21S3_2_cam2rgbfixed,2,yield,3211,3378,196.873084,207.112201
2,train,Participant_17_411_T1R21S4_1_cam2rgbfixed,Full33SkeletonData/stage1_scene_clips_20260622/Participant_17_411_T1R21S4_1_cam2rgbfixed_skeleton.csv,0.030656,10.76026999999997,overtake,Participant_17_411_T1R21S4_1_cam2rgbfixed,1,overtake_left,4499,4674,275.843041,286.572655
2,train,Participant_17_553_T2R12S1_1_cam2rgbfixed,Full33SkeletonData/stage1_scene_clips_20260622/Participant_17_553_T2R12S1_1_cam2rgbfixed_skeleton.csv,0.03111,10.11111,yield,Participant_17_553_T2R12S1_1_cam2rgbfixed,1,yield,29,191,1.80438,11.88438
2,train,Participant_17_553_T2R12S4_4_cam2rgbfixed,Full33SkeletonData/stage1_scene_clips_20260622/Participant_17_553_T2R12S4_4_cam2rgbfixed_skeleton.csv,0.03111,10.235191000000002,straight,Participant_17_553_T2R12S4_4_cam2rgbfixed,4,straight,4081,4245,253.919861,264.123942
2,train,Participant_17_553_T2R12S5_6_cam2rgbfixed,Full33SkeletonData/stage1_scene_clips_20260622/Participant_17_553_T2R12S5_6_cam2rgbfixed_skeleton.csv,0.03111,10.110752000000035,straight,Participant_17_553_T2R12S5_6_cam2rgbfixed,6,straight,4547,4709,282.914385,292.994027
2,train,Participant_17_553_T2R12S6_2_cam2rgbfixed,Full33SkeletonData/stage1_scene_clips_20260622/Participant_17_553_T2R12S6_2_cam2rgbfixed_skeleton.csv,0.03111,10.172972000000003,overtake,Participant_17_553_T2R12S6_2_cam2rgbfixed,2,overtake_left,6636,6799,412.891986,423.033848
2,train,Participant_18_258_T1R21S1_4_cam2rgbfixed,Full33SkeletonData/stage1_scene_clips_20260622/Participant_18_258_T1R21S1_4_cam2rgbfixed_skeleton.csv,0.030303,10.575757,yield,Participant_18_258_T1R21S1_4_cam2rgbfixed,4,yield,64,238,3.878788,14.424242
2,train,Participant_18_258_T1R21S2_6_cam2rgbfixed,Full33SkeletonData/stage1_scene_clips_20260622/Participant_18_258_T1R21S2_6_cam2rgbfixed_skeleton.csv,0.030303,10.090909000000007,yield,Participant_18_258_T1R21S2_6_cam2rgbfixed,6,yield,907,1073,54.969697,65.030303
2,train,Participant_18_258_T1R21S3_2_cam2rgbfixed,Full33SkeletonData/stage1_scene_clips_20260622/Participant_18_258_T1R21S3_2_cam2rgbfixed_skeleton.csv,0.030303,10.393939000000014,straight,Participant_18_258_T1R21S3_2_cam2rgbfixed,2,straight,3510,3681,212.727273,223.090909
2,train,Participant_18_258_T1R21S4_1_cam2rgbfixed,Full33SkeletonData/stage1_scene_clips_20260622/Participant_18_258_T1R21S4_1_cam2rgbfixed_skeleton.csv,0.030303,10.212121000000021,yield,Participant_18_258_T1R21S4_1_cam2rgbfixed,1,yield,4486,4654,271.878788,282.060606
2,train,Participant_18_577_T2R21S1_4_cam2rgbfixed,Full33SkeletonData/stage1_scene_clips_20260622/Participant_18_577_T2R21S1_4_cam2rgbfixed_skeleton.csv,0.032845,10.083845,yield,Participant_18_577_T2R21S1_4_cam2rgbfixed,4,yield,150,303,9.853511,19.904511
2,train,Participant_18_577_T2R21S2_6_cam2rgbfixed,Full33SkeletonData/stage1_scene_clips_20260622/Participant_18_577_T2R21S2_6_cam2rgbfixed_skeleton.csv,0.032845,10.806018,straight,Participant_18_577_T2R21S2_6_cam2rgbfixed,6,straight,759,923,49.858766,60.631939
2,train,Participant_18_577_T2R21S3_2_cam2rgbfixed,Full33SkeletonData/stage1_scene_clips_20260622/Participant_18_577_T2R21S3_2_cam2rgbfixed_skeleton.csv,0.032845,10.740326999999999,yield,Participant_18_577_T2R21S3_2_cam2rgbfixed,2,yield,3036,3198,199.435066,210.142548
2,train,Participant_18_577_T2R21S4_1_cam2rgbfixed,Full33SkeletonData/stage1_scene_clips_20260622/Participant_18_577_T2R21S4_1_cam2rgbfixed_skeleton.csv,0.032845,10.740327000000027,overtake,Participant_18_577_T2R21S4_1_cam2rgbfixed,1,overtake_left,4184,4347,274.847271,285.554753
2,train,Participant_18_704_T3R21S1_4_cam2rgbfixed,Full33SkeletonData/stage1_scene_clips_20260622/Participant_18_704_T3R21S1_4_cam2rgbfixed_skeleton.csv,0.03075,10.239851999999999,overtake,Participant_18_704_T3R21S1_4_cam2rgbfixed,4,overtake_right,79,245,4.858549,15.067651
2,train,Participant_18_704_T3R21S2_6_cam2rgbfixed,Full33SkeletonData/stage1_scene_clips_20260622/Participant_18_704_T3R21S2_6_cam2rgbfixed_skeleton.csv,0.03075,10.116767999999995,yield,Participant_18_704_T3R21S2_6_cam2rgbfixed,6,yield,798,962,49.077491,59.163509
2,train,Participant_18_704_T3R21S3_2_cam2rgbfixed,Full33SkeletonData/stage1_scene_clips_20260622/Participant_18_704_T3R21S3_2_cam2rgbfixed_skeleton.csv,0.03075,10.239852,yield,Participant_18_704_T3R21S3_2_cam2rgbfixed,2,yield,3298,3464,202.829028,213.03813
2,train,Participant_18_704_T3R21S4_1_cam2rgbfixed,Full33SkeletonData/stage1_scene_clips_20260622/Participant_18_704_T3R21S4_1_cam2rgbfixed_skeleton.csv,0.03075,10.116851000000041,yield,Participant_18_704_T3R21S4_1_cam2rgbfixed,1,yield,4486,4650,275.891759,285.97786
2,train,Participant_1_467_T1R12S1_1_cam2rgbfixed,Full33SkeletonData/stage1_scene_clips_20260622/Participant_1_467_T1R12S1_1_cam2rgbfixed_skeleton.csv,0.026344,11.301369999999997,overtake,Participant_1_467_T1R12S1_1_cam2rgbfixed,1,overtake_left,1049,1263,55.268704,66.54373
2,train,Participant_1_467_T1R12S4_4_cam2rgbfixed,Full33SkeletonData/stage1_scene_clips_20260622/Participant_1_467_T1R12S4_4_cam2rgbfixed_skeleton.csv,0.026344,10.669126000000011,straight,Participant_1_467_T1R12S4_4_cam2rgbfixed,4,straight,4960,5162,261.327713,271.970495
2,train,Participant_1_467_T1R12S5_6_cam2rgbfixed,Full33SkeletonData/stage1_scene_clips_20260622/Participant_1_467_T1R12S5_6_cam2rgbfixed_skeleton.csv,0.026344,10.616343999999975,overtake,Participant_1_467_T1R12S5_6_cam2rgbfixed,6,overtake_left,5408,5609,284.931507,295.521507
2,train,Participant_1_467_T1R12S6_2_cam2rgbfixed,Full33SkeletonData/stage1_scene_clips_20260622/Participant_1_467_T1R12S6_2_cam2rgbfixed_skeleton.csv,0.026344,10.037344000000024,straight,Participant_1_467_T1R12S6_2_cam2rgbfixed,2,straight,7635,7825,402.265543,412.276543
2,train,Participant_1_563_T2R12S1_1_cam2rgbfixed,Full33SkeletonData/stage1_scene_clips_20260622/Participant_1_563_T2R12S1_1_cam2rgbfixed_skeleton.csv,0.026802,10.159801999999999,overtake,Participant_1_563_T2R12S1_1_cam2rgbfixed,1,overtake_left,291,480,15.599035,25.732035
2,train,Participant_1_563_T2R12S4_4_cam2rgbfixed,Full33SkeletonData/stage1_scene_clips_20260622/Participant_1_563_T2R12S4_4_cam2rgbfixed_skeleton.csv,0.026802,10.318948000000002,straight,Participant_1_563_T2R12S4_4_cam2rgbfixed,4,straight,4176,4368,223.854195,234.146341
2,train,Participant_1_563_T2R12S5_6_cam2rgbfixed,Full33SkeletonData/stage1_scene_clips_20260622/Participant_1_563_T2R12S5_6_cam2rgbfixed_skeleton.csv,0.026802,10.64180199999998,straight,Participant_1_563_T2R12S5_6_cam2rgbfixed,6,straight,4636,4834,248.512463,259.127463
2,train,Participant_1_563_T2R12S6_2_cam2rgbfixed,Full33SkeletonData/stage1_scene_clips_20260622/Participant_1_563_T2R12S6_2_cam2rgbfixed_skeleton.csv,0.026802,10.47976299999996,straight,Participant_1_563_T2R12S6_2_cam2rgbfixed,2,straight,7117,7312,381.506299,391.95926
2,train,Participant_1_099_T3R21S1_4_cam2rgbfixed,Full33SkeletonData/stage1_scene_clips_20260622/Participant_1_099_T3R21S1_4_cam2rgbfixed_skeleton.csv,0.026683,10.165964999999998,straight,Participant_1_099_T3R21S1_4_cam2rgbfixed,4,straight,466,655,24.869623,35.008905
2,train,Participant_1_099_T3R21S2_6_cam2rgbfixed,Full33SkeletonData/stage1_scene_clips_20260622/Participant_1_099_T3R21S2_6_cam2rgbfixed_skeleton.csv,0.026683,10.112351000000006,yield,Participant_1_099_T3R21S2_6_cam2rgbfixed,6,yield,901,1090,48.084199,58.169867
2,train,Participant_1_099_T3R21S3_2_cam2rgbfixed,Full33SkeletonData/stage1_scene_clips_20260622/Participant_1_099_T3R21S3_2_cam2rgbfixed_skeleton.csv,0.026683,10.379683000000009,straight,Participant_1_099_T3R21S3_2_cam2rgbfixed,2,straight,3837,4031,204.771053,215.124053
2,train,Participant_1_099_T3R21S4_1_cam2rgbfixed,Full33SkeletonData/stage1_scene_clips_20260622/Participant_1_099_T3R21S4_1_cam2rgbfixed_skeleton.csv,0.026683,10.626683000000023,yield,Participant_1_099_T3R21S4_1_cam2rgbfixed,1,yield,4842,5040,258.405379,269.005379
2,train,Participant_22_785_T1R12S1_1_cam2rgbfixed,Full33SkeletonData/stage1_scene_clips_20260622/Participant_22_785_T1R12S1_1_cam2rgbfixed_skeleton.csv,0.03465,11.053360999999999,overtake,Participant_22_785_T1R12S1_1_cam2rgbfixed,1,overtake_left,161,320,11.157311,22.176022
2,train,Participant_22_785_T1R12S4_4_cam2rgbfixed,Full33SkeletonData/stage1_scene_clips_20260622/Participant_22_785_T1R12S4_4_cam2rgbfixed_skeleton.csv,0.03465,10.56865000000002,yield,Participant_22_785_T1R12S4_4_cam2rgbfixed,4,yield,3656,3808,253.361053,263.895053
2,train,Participant_22_785_T1R12S6_2_cam2rgbfixed,Full33SkeletonData/stage1_scene_clips_20260622/Participant_22_785_T1R12S6_2_cam2rgbfixed_skeleton.csv,0.03465,11.60776199999998,straight,Participant_22_785_T1R12S6_2_cam2rgbfixed,2,straight,5834,6001,404.296604,415.869716
2,train,Participant_22_303_T2R12S1_1_cam2rgbfixed,Full33SkeletonData/stage1_scene_clips_20260622/Participant_22_303_T2R12S1_1_cam2rgbfixed_skeleton.csv,0.031324,12.059890999999999,overtake,Participant_22_303_T2R12S1_1_cam2rgbfixed,1,overtake_left,40,232,2.505952,14.534519
2,train,Participant_22_303_T2R12S4_4_cam2rgbfixed,Full33SkeletonData/stage1_scene_clips_20260622/Participant_22_303_T2R12S4_4_cam2rgbfixed_skeleton.csv,0.031324,11.496053000000005,straight,Participant_22_303_T2R12S4_4_cam2rgbfixed,4,straight,3396,3579,212.755294,224.220023
2,train,Participant_22_303_T2R12S5_6_cam2rgbfixed,Full33SkeletonData/stage1_scene_clips_20260622/Participant_22_303_T2R12S5_6_cam2rgbfixed_skeleton.csv,0.031324,10.619323999999994,straight,Participant_22_303_T2R12S5_6_cam2rgbfixed,6,straight,3807,3976,238.503947,249.091947
2,train,Participant_22_303_T2R12S6_2_cam2rgbfixed,Full33SkeletonData/stage1_scene_clips_20260622/Participant_22_303_T2R12S6_2_cam2rgbfixed_skeleton.csv,0.031324,10.556324000000034,straight,Participant_22_303_T2R12S6_2_cam2rgbfixed,2,straight,6000,6168,375.892745,386.417745
2,train,Participant_22_190_T3R12S1_1_cam2rgbfixed,Full33SkeletonData/stage1_scene_clips_20260622/Participant_22_190_T3R12S1_1_cam2rgbfixed_skeleton.csv,0.030562,11.705561999999999,overtake,Participant_22_190_T3R12S1_1_cam2rgbfixed,1,overtake_left,58,249,3.545232,15.220232
2,train,Participant_22_190_T3R12S4_4_cam2rgbfixed,Full33SkeletonData/stage1_scene_clips_20260622/Participant_22_190_T3R12S4_4_cam2rgbfixed_skeleton.csv,0.030562,10.421760000000003,straight,Participant_22_190_T3R12S4_4_cam2rgbfixed,4,straight,3543,3713,216.564792,226.95599
2,train,Participant_22_190_T3R12S5_6_cam2rgbfixed,Full33SkeletonData/stage1_scene_clips_20260622/Participant_22_190_T3R12S5_6_cam2rgbfixed_skeleton.csv,0.030562,10.727562000000002,yield,Participant_22_190_T3R12S5_6_cam2rgbfixed,6,yield,4022,4197,245.843521,256.540521
2,train,Participant_22_190_T3R12S6_2_cam2rgbfixed,Full33SkeletonData/stage1_scene_clips_20260622/Participant_22_190_T3R12S6_2_cam2rgbfixed_skeleton.csv,0.030562,10.910561999999995,straight,Participant_22_190_T3R12S6_2_cam2rgbfixed,2,straight,6462,6640,394.987775,405.867775
2,train,Participant_23_276_T1R21S1_4_cam2rgbfixed,Full33SkeletonData/stage1_scene_clips_20260622/Participant_23_276_T1R21S1_4_cam2rgbfixed_skeleton.csv,0.030714,11.33362,straight,Participant_23_276_T1R21S1_4_cam2rgbfixed,4,straight,46,230,2.825726,14.128632
2,train,Participant_23_276_T1R21S2_6_cam2rgbfixed,Full33SkeletonData/stage1_scene_clips_20260622/Participant_23_276_T1R21S2_6_cam2rgbfixed_skeleton.csv,0.030714,10.104574999999997,yield,Participant_23_276_T1R21S2_6_cam2rgbfixed,6,yield,512,676,31.451564,41.525425
2,train,Participant_23_276_T1R21S3_2_cam2rgbfixed,Full33SkeletonData/stage1_scene_clips_20260622/Participant_23_276_T1R21S3_2_cam2rgbfixed_skeleton.csv,0.030714,10.473714000000012,straight,Participant_23_276_T1R21S3_2_cam2rgbfixed,2,straight,3062,3232,188.095092,198.538092
2,train,Participant_23_276_T1R21S4_1_cam2rgbfixed,Full33SkeletonData/stage1_scene_clips_20260622/Participant_23_276_T1R21S4_1_cam2rgbfixed_skeleton.csv,0.030714,10.411714,yield,Participant_23_276_T1R21S4_1_cam2rgbfixed,1,yield,3743,3912,229.928128,240.309128
2,train,Participant_23_924_T2R21S1_4_cam2rgbfixed,Full33SkeletonData/stage1_scene_clips_20260622/Participant_23_924_T2R21S1_4_cam2rgbfixed_skeleton.csv,0.030549,10.112210000000001,yield,Participant_23_924_T2R21S1_4_cam2rgbfixed,4,yield,34,199,2.077351,12.159012
2,train,Participant_23_924_T2R21S2_6_cam2rgbfixed,Full33SkeletonData/stage1_scene_clips_20260622/Participant_23_924_T2R21S2_6_cam2rgbfixed_skeleton.csv,0.030549,10.356549000000001,straight,Participant_23_924_T2R21S2_6_cam2rgbfixed,6,straight,752,921,45.946111,56.272111
2,train,Participant_23_924_T2R21S3_2_cam2rgbfixed,Full33SkeletonData/stage1_scene_clips_20260622/Participant_23_924_T2R21S3_2_cam2rgbfixed_skeleton.csv,0.030549,10.11223900000001,yield,Participant_23_924_T2R21S3_2_cam2rgbfixed,2,yield,3001,3166,183.356754,193.438444
2,train,Participant_23_924_T2R21S4_1_cam2rgbfixed,Full33SkeletonData/stage1_scene_clips_20260622/Participant_23_924_T2R21S4_1_cam2rgbfixed_skeleton.csv,0.030549,10.11223900000001,yield,Participant_23_924_T2R21S4_1_cam2rgbfixed,1,yield,3846,4011,234.985031,245.066721
2,train,Participant_23_503_T3R12S1_1_cam2rgbfixed,Full33SkeletonData/stage1_scene_clips_20260622/Participant_23_503_T3R12S1_1_cam2rgbfixed_skeleton.csv,0.033984,12.268062,overtake,Participant_23_503_T3R12S1_1_cam2rgbfixed,1,overtake_left,53,233,3.602257,15.836335
2,train,Participant_23_503_T3R12S4_4_cam2rgbfixed,Full33SkeletonData/stage1_scene_clips_20260622/Participant_23_503_T3R12S4_4_cam2rgbfixed_skeleton.csv,0.033984,12.06416099999998,straight,Participant_23_503_T3R12S4_4_cam2rgbfixed,4,straight,3453,3630,234.69041,246.720587
2,train,Participant_23_503_T3R12S5_6_cam2rgbfixed,Full33SkeletonData/stage1_scene_clips_20260622/Participant_23_503_T3R12S5_6_cam2rgbfixed_skeleton.csv,0.033984,11.384490000000053,straight,Participant_23_503_T3R12S5_6_cam2rgbfixed,6,straight,3879,4046,263.644396,274.994902
2,train,Participant_26_217_T1R12S4_4_cam2rgbfixed,Full33SkeletonData/stage1_scene_clips_20260622/Participant_26_217_T1R12S4_4_cam2rgbfixed_skeleton.csv,0.034211,12.69243900000001,straight,Participant_26_217_T1R12S4_4_cam2rgbfixed,4,straight,3945,4129,269.928156,282.586384
2,train,Participant_26_217_T1R12S5_6_cam2rgbfixed,Full33SkeletonData/stage1_scene_clips_20260622/Participant_26_217_T1R12S5_6_cam2rgbfixed_skeleton.csv,0.034211,11.050289999999992,straight,Participant_26_217_T1R12S5_6_cam2rgbfixed,6,straight,4695,4856,321.245296,332.261375
2,train,Participant_26_217_T1R12S6_2_cam2rgbfixed,Full33SkeletonData/stage1_scene_clips_20260622/Participant_26_217_T1R12S6_2_cam2rgbfixed_skeleton.csv,0.034211,11.050290000000048,yield,Participant_26_217_T1R12S6_2_cam2rgbfixed,2,yield,6442,6603,440.780021,451.7961
2,train,Participant_26_737_T2R21S1_4_cam2rgbfixed,Full33SkeletonData/stage1_scene_clips_20260622/Participant_26_737_T2R21S1_4_cam2rgbfixed_skeleton.csv,0.033535,10.63045,overtake,Participant_26_737_T2R21S1_4_cam2rgbfixed,4,overtake_right,251,409,16.834339,27.431254
2,train,Participant_26_737_T2R21S2_6_cam2rgbfixed,Full33SkeletonData/stage1_scene_clips_20260622/Participant_26_737_T2R21S2_6_cam2rgbfixed_skeleton.csv,0.033535,10.093535000000003,yield,Participant_26_737_T2R21S2_6_cam2rgbfixed,6,yield,847,997,56.807512,66.867512
2,train,Participant_26_737_T2R21S3_2_cam2rgbfixed,Full33SkeletonData/stage1_scene_clips_20260622/Participant_26_737_T2R21S3_2_cam2rgbfixed_skeleton.csv,0.033535,10.630449999999996,yield,Participant_26_737_T2R21S3_2_cam2rgbfixed,2,yield,3264,3422,218.913481,229.510396
2,train,Participant_26_737_T2R21S4_1_cam2rgbfixed,Full33SkeletonData/stage1_scene_clips_20260622/Participant_26_737_T2R21S4_1_cam2rgbfixed_skeleton.csv,0.033535,10.16133099999999,overtake,Participant_26_737_T2R21S4_1_cam2rgbfixed,1,overtake_left,4504,4655,302.079142,312.206938
2,train,Participant_26_576_T3R21S1_4_cam2rgbfixed,Full33SkeletonData/stage1_scene_clips_20260622/Participant_26_576_T3R21S1_4_cam2rgbfixed_skeleton.csv,0.032699,10.496370999999998,yield,Participant_26_576_T3R21S1_4_cam2rgbfixed,4,yield,88,248,5.755019,16.218691
2,train,Participant_26_576_T3R21S2_6_cam2rgbfixed,Full33SkeletonData/stage1_scene_clips_20260622/Participant_26_576_T3R21S2_6_cam2rgbfixed_skeleton.csv,0.032699,10.103698999999997,yield,Participant_26_576_T3R21S2_6_cam2rgbfixed,6,yield,698,852,45.647767,55.718767
2,train,Participant_26_576_T3R21S3_2_cam2rgbfixed,Full33SkeletonData/stage1_scene_clips_20260622/Participant_26_576_T3R21S3_2_cam2rgbfixed_skeleton.csv,0.032699,10.953698999999991,overtake,Participant_26_576_T3R21S3_2_cam2rgbfixed,2,overtake_left,3135,3302,205.022562,215.943562
2,train,Participant_27_864_T1R12S4_4_cam2rgbfixed,Full33SkeletonData/stage1_scene_clips_20260622/Participant_27_864_T1R12S4_4_cam2rgbfixed_skeleton.csv,0.03116,11.68515499999998,straight,Participant_27_864_T1R12S4_4_cam2rgbfixed,4,straight,3421,3608,213.199551,224.853546
2,train,Participant_27_864_T1R12S5_6_cam2rgbfixed,Full33SkeletonData/stage1_scene_clips_20260622/Participant_27_864_T1R12S5_6_cam2rgbfixed_skeleton.csv,0.03116,10.563379999999995,straight,Participant_27_864_T1R12S5_6_cam2rgbfixed,6,straight,3912,4081,243.799078,254.331298
2,train,Participant_27_864_T2R12S4_4_cam2rgbfixed,Full33SkeletonData/stage1_scene_clips_20260622/Participant_27_864_T2R12S4_4_cam2rgbfixed_skeleton.csv,0.032518,10.763527,straight,Participant_27_864_T2R12S4_4_cam2rgbfixed,4,straight,3346,3511,217.611863,228.342872
2,train,Participant_27_864_T2R12S5_6_cam2rgbfixed,Full33SkeletonData/stage1_scene_clips_20260622/Participant_27_864_T2R12S5_6_cam2rgbfixed_skeleton.csv,0.032518,10.763527,straight,Participant_27_864_T2R12S5_6_cam2rgbfixed,6,straight,3749,3914,243.82154,254.552549
2,train,Participant_27_871_T3R21S1_4_cam2rgbfixed,Full33SkeletonData/stage1_scene_clips_20260622/Participant_27_871_T3R21S1_4_cam2rgbfixed_skeleton.csv,0.030921,10.420531,straight,Participant_27_871_T3R21S1_4_cam2rgbfixed,4,straight,14,182,0.865801,11.255411
2,train,Participant_27_871_T3R21S2_6_cam2rgbfixed,Full33SkeletonData/stage1_scene_clips_20260622/Participant_27_871_T3R21S2_6_cam2rgbfixed_skeleton.csv,0.030921,10.234921000000003,straight,Participant_27_871_T3R21S2_6_cam2rgbfixed,6,straight,426,591,26.345083,36.549083
2,train,Participant_27_871_T3R21S4_1_cam2rgbfixed,Full33SkeletonData/stage1_scene_clips_20260622/Participant_27_871_T3R21S4_1_cam2rgbfixed_skeleton.csv,0.030921,11.100802999999978,straight,Participant_27_871_T3R21S4_1_cam2rgbfixed,1,straight,3681,3860,227.643785,238.713667
2,train,Participant_28_615_T1R12S1_1_cam2rgbfixed,Full33SkeletonData/stage1_scene_clips_20260622/Participant_28_615_T1R12S1_1_cam2rgbfixed_skeleton.csv,0.032599,10.855391999999998,yield,Participant_28_615_T1R12S1_1_cam2rgbfixed,1,yield,74,240,4.824619,15.647412
2,train,Participant_28_615_T1R12S4_4_cam2rgbfixed,Full33SkeletonData/stage1_scene_clips_20260622/Participant_28_615_T1R12S4_4_cam2rgbfixed_skeleton.csv,0.032599,10.920589000000001,straight,Participant_28_615_T1R12S4_4_cam2rgbfixed,4,straight,3722,3889,242.665276,253.553266
2,train,Participant_28_615_T1R12S5_6_cam2rgbfixed,Full33SkeletonData/stage1_scene_clips_20260622/Participant_28_615_T1R12S5_6_cam2rgbfixed_skeleton.csv,0.032599,10.594602000000004,straight,Participant_28_615_T1R12S5_6_cam2rgbfixed,6,straight,4242,4404,276.568001,287.130004
2,train,Participant_28_615_T1R12S6_2_cam2rgbfixed,Full33SkeletonData/stage1_scene_clips_20260622/Participant_28_615_T1R12S6_2_cam2rgbfixed_skeleton.csv,0.032599,10.268614000000008,straight,Participant_28_615_T1R12S6_2_cam2rgbfixed,2,straight,6193,6350,403.768418,414.004433
2,train,Participant_28_078_T2R12S1_1_cam2rgbfixed,Full33SkeletonData/stage1_scene_clips_20260622/Participant_28_078_T2R12S1_1_cam2rgbfixed_skeleton.csv,0.03864,11.55364,straight,Participant_28_078_T2R12S1_1_cam2rgbfixed,1,straight,39,188,3.01391,14.52891
2,train,Participant_28_078_T2R12S4_4_cam2rgbfixed,Full33SkeletonData/stage1_scene_clips_20260622/Participant_28_078_T2R12S4_4_cam2rgbfixed_skeleton.csv,0.03864,13.253477999999985,straight,Participant_28_078_T2R12S4_4_cam2rgbfixed,4,straight,3764,3935,290.880989,304.095827
2,train,Participant_28_078_T2R12S6_2_cam2rgbfixed,Full33SkeletonData/stage1_scene_clips_20260622/Participant_28_078_T2R12S6_2_cam2rgbfixed_skeleton.csv,0.03864,11.862442,straight,Participant_28_078_T2R12S6_2_cam2rgbfixed,2,straight,5175,5328,399.92272,411.746522
2,train,Participant_28_462_T3R21S1_4_cam2rgbfixed,Full33SkeletonData/stage1_scene_clips_20260622/Participant_28_462_T3R21S1_4_cam2rgbfixed_skeleton.csv,0.03051,10.159510000000001,straight,Participant_28_462_T3R21S1_4_cam2rgbfixed,4,straight,4,170,0.244081,10.373081
2,train,Participant_28_462_T3R21S2_6_cam2rgbfixed,Full33SkeletonData/stage1_scene_clips_20260622/Participant_28_462_T3R21S2_6_cam2rgbfixed_skeleton.csv,0.03051,10.098510000000001,straight,Participant_28_462_T3R21S2_6_cam2rgbfixed,6,straight,424,589,25.87259,35.94059
2,train,Participant_28_462_T3R21S3_2_cam2rgbfixed,Full33SkeletonData/stage1_scene_clips_20260622/Participant_28_462_T3R21S3_2_cam2rgbfixed_skeleton.csv,0.03051,10.220892999999997,straight,Participant_28_462_T3R21S3_2_cam2rgbfixed,2,straight,2620,2787,159.873078,170.063461
2,train,Participant_28_462_T3R21S4_1_cam2rgbfixed,Full33SkeletonData/stage1_scene_clips_20260622/Participant_28_462_T3R21S4_1_cam2rgbfixed_skeleton.csv,0.03051,10.098510000000012,overtake,Participant_28_462_T3R21S4_1_cam2rgbfixed,1,overtake_left,3670,3835,223.94435,234.01235
2,train,Participant_29_880_T1R12S1_1_cam2rgbfixed,Full33SkeletonData/stage1_scene_clips_20260622/Participant_29_880_T1R12S1_1_cam2rgbfixed_skeleton.csv,0.034965,10.944055999999998,yield,Participant_29_880_T1R12S1_1_cam2rgbfixed,1,yield,171,327,11.958042,22.867133
2,train,Participant_29_880_T1R12S4_4_cam2rgbfixed,Full33SkeletonData/stage1_scene_clips_20260622/Participant_29_880_T1R12S4_4_cam2rgbfixed_skeleton.csv,0.034965,10.244754999999998,straight,Participant_29_880_T1R12S4_4_cam2rgbfixed,4,straight,3674,3820,256.923077,267.132867
2,train,Participant_29_880_T1R12S5_6_cam2rgbfixed,Full33SkeletonData/stage1_scene_clips_20260622/Participant_29_880_T1R12S5_6_cam2rgbfixed_skeleton.csv,0.034965,10.174824999999998,overtake,Participant_29_880_T1R12S5_6_cam2rgbfixed,6,overtake_right,4131,4276,288.881119,299.020979
2,train,Participant_29_198_T2R12S4_4_cam2rgbfixed,Full33SkeletonData/stage1_scene_clips_20260622/Participant_29_198_T2R12S4_4_cam2rgbfixed_skeleton.csv,0.030355,10.229481000000007,straight,Participant_29_198_T2R12S4_4_cam2rgbfixed,4,straight,2996,3164,181.88441,192.083536
2,train,Participant_29_198_T2R12S5_6_cam2rgbfixed,Full33SkeletonData/stage1_scene_clips_20260622/Participant_29_198_T2R12S5_6_cam2rgbfixed_skeleton.csv,0.030355,10.411608000000015,yield,Participant_29_198_T2R12S5_6_cam2rgbfixed,6,yield,3409,3580,206.957261,217.338514
2,train,Participant_29_198_T2R12S6_2_cam2rgbfixed,Full33SkeletonData/stage1_scene_clips_20260622/Participant_29_198_T2R12S6_2_cam2rgbfixed_skeleton.csv,0.030355,10.108062999999973,overtake,Participant_29_198_T2R12S6_2_cam2rgbfixed,2,overtake_left,5583,5749,338.938805,349.016513
2,train,Participant_29_246_T3R21S1_4_cam2rgbfixed,Full33SkeletonData/stage1_scene_clips_20260622/Participant_29_246_T3R21S1_4_cam2rgbfixed_skeleton.csv,0.030637,10.079656000000002,straight,Participant_29_246_T3R21S1_4_cam2rgbfixed,4,straight,31,195,1.89951,11.948529
2,train,Participant_29_246_T3R21S2_6_cam2rgbfixed,Full33SkeletonData/stage1_scene_clips_20260622/Participant_29_246_T3R21S2_6_cam2rgbfixed_skeleton.csv,0.030637,10.202206000000002,straight,Participant_29_246_T3R21S2_6_cam2rgbfixed,6,straight,471,637,28.860294,39.031863
2,train,Participant_29_246_T3R21S3_2_cam2rgbfixed,Full33SkeletonData/stage1_scene_clips_20260622/Participant_29_246_T3R21S3_2_cam2rgbfixed_skeleton.csv,0.030637,10.14093100000001,yield,Participant_29_246_T3R21S3_2_cam2rgbfixed,2,yield,2740,2905,167.892157,178.002451
2,train,Participant_29_246_T3R21S4_1_cam2rgbfixed,Full33SkeletonData/stage1_scene_clips_20260622/Participant_29_246_T3R21S4_1_cam2rgbfixed_skeleton.csv,0.030637,10.079656000000016,yield,Participant_29_246_T3R21S4_1_cam2rgbfixed,1,yield,4030,4194,246.936275,256.985294
2,train,Participant_2_636_T1R12S1_1_cam2rgbfixed,Full33SkeletonData/stage1_scene_clips_20260622/Participant_2_636_T1R12S1_1_cam2rgbfixed_skeleton.csv,0.026638,11.747470000000002,overtake,Participant_2_636_T1R12S1_1_cam2rgbfixed,1,overtake_left,486,706,25.892381,37.613213
2,train,Participant_2_636_T1R12S4_4_cam2rgbfixed,Full33SkeletonData/stage1_scene_clips_20260622/Participant_2_636_T1R12S4_4_cam2rgbfixed_skeleton.csv,0.026638,10.52210900000001,straight,Participant_2_636_T1R12S4_4_cam2rgbfixed,4,straight,4629,4826,246.616942,257.112413
2,train,Participant_2_636_T1R12S5_6_cam2rgbfixed,Full33SkeletonData/stage1_scene_clips_20260622/Participant_2_636_T1R12S5_6_cam2rgbfixed_skeleton.csv,0.026638,10.095638000000017,overtake,Participant_2_636_T1R12S5_6_cam2rgbfixed,6,overtake_right,5070,5259,270.111881,280.180881
2,train,Participant_2_636_T1R12S6_2_cam2rgbfixed,Full33SkeletonData/stage1_scene_clips_20260622/Participant_2_636_T1R12S6_2_cam2rgbfixed_skeleton.csv,0.026638,10.362280000000007,straight,Participant_2_636_T1R12S6_2_cam2rgbfixed,2,straight,7933,8127,422.642515,432.978157
2,train,Participant_2_796_T2R21S1_4_cam2rgbfixed,Full33SkeletonData/stage1_scene_clips_20260622/Participant_2_796_T2R21S1_4_cam2rgbfixed_skeleton.csv,0.026559,10.968559,straight,Participant_2_796_T2R21S1_4_cam2rgbfixed,4,straight,58,264,3.080846,14.022846
2,train,Participant_2_796_T2R21S2_6_cam2rgbfixed,Full33SkeletonData/stage1_scene_clips_20260622/Participant_2_796_T2R21S2_6_cam2rgbfixed_skeleton.csv,0.026559,10.331558999999997,straight,Participant_2_796_T2R21S2_6_cam2rgbfixed,6,straight,537,731,28.524381,38.829381
2,train,Participant_2_796_T2R21S3_2_cam2rgbfixed,Full33SkeletonData/stage1_scene_clips_20260622/Participant_2_796_T2R21S3_2_cam2rgbfixed_skeleton.csv,0.026559,10.543558999999997,overtake,Participant_2_796_T2R21S3_2_cam2rgbfixed,2,overtake_left,3189,3387,169.393392,179.910392
2,train,Participant_2_796_T2R21S4_1_cam2rgbfixed,Full33SkeletonData/stage1_scene_clips_20260622/Participant_2_796_T2R21S4_1_cam2rgbfixed_skeleton.csv,0.026559,12.721582,yield,Participant_2_796_T2R21S4_1_cam2rgbfixed,1,yield,4177,4415,221.874005,234.569213
2,train,Participant_2_317_T3R12S1_1_cam2rgbfixed,Full33SkeletonData/stage1_scene_clips_20260622/Participant_2_317_T3R12S1_1_cam2rgbfixed_skeleton.csv,0.02649,10.993490000000001,overtake,Participant_2_317_T3R12S1_1_cam2rgbfixed,1,overtake_left,56,263,2.966887,13.933887
2,train,Participant_2_317_T3R12S4_4_cam2rgbfixed,Full33SkeletonData/stage1_scene_clips_20260622/Participant_2_317_T3R12S4_4_cam2rgbfixed_skeleton.csv,0.02649,10.516489999999981,yield,Participant_2_317_T3R12S4_4_cam2rgbfixed,4,yield,4690,4888,248.476821,258.966821
2,train,Participant_2_317_T3R12S5_6_cam2rgbfixed,Full33SkeletonData/stage1_scene_clips_20260622/Participant_2_317_T3R12S5_6_cam2rgbfixed_skeleton.csv,0.02649,10.092489999999975,straight,Participant_2_317_T3R12S5_6_cam2rgbfixed,6,straight,5683,5873,301.086093,311.152093
2,train,Participant_2_317_T3R12S6_2_cam2rgbfixed,Full33SkeletonData/stage1_scene_clips_20260622/Participant_2_317_T3R12S6_2_cam2rgbfixed_skeleton.csv,0.02649,10.092490000000032,straight,Participant_2_317_T3R12S6_2_cam2rgbfixed,2,straight,8282,8472,438.781457,448.847457
2,train,Participant_31_673_T1R12S1_1_cam2rgbfixed,Full33SkeletonData/stage1_scene_clips_20260622/Participant_31_673_T1R12S1_1_cam2rgbfixed_skeleton.csv,0.032667,10.877666999999999,overtake,Participant_31_673_T1R12S1_1_cam2rgbfixed,1,overtake_left,53,219,3.462694,14.307694
2,train,Participant_31_673_T1R12S4_4_cam2rgbfixed,Full33SkeletonData/stage1_scene_clips_20260622/Participant_31_673_T1R12S4_4_cam2rgbfixed_skeleton.csv,0.032667,11.466092,yield,Participant_31_673_T1R12S4_4_cam2rgbfixed,4,yield,3720,3895,243.041944,254.475369
2,train,Participant_31_673_T1R12S5_6_cam2rgbfixed,Full33SkeletonData/stage1_scene_clips_20260622/Participant_31_673_T1R12S5_6_cam2rgbfixed_skeleton.csv,0.032667,10.87766699999997,overtake,Participant_31_673_T1R12S5_6_cam2rgbfixed,6,overtake_right,4385,4551,286.488959,297.333959
2,train,Participant_31_673_T1R12S6_2_cam2rgbfixed,Full33SkeletonData/stage1_scene_clips_20260622/Participant_31_673_T1R12S6_2_cam2rgbfixed_skeleton.csv,0.032667,10.15966700000001,straight,Participant_31_673_T1R12S6_2_cam2rgbfixed,2,straight,6288,6443,410.819287,420.946287
2,train,Participant_31_896_T2R12S1_1_cam2rgbfixed,Full33SkeletonData/stage1_scene_clips_20260622/Participant_31_896_T2R12S1_1_cam2rgbfixed_skeleton.csv,0.033091,11.019193000000001,overtake,Participant_31_896_T2R12S1_1_cam2rgbfixed,1,overtake_left,107,273,7.081403,18.067505
2,train,Participant_31_896_T2R12S4_4_cam2rgbfixed,Full33SkeletonData/stage1_scene_clips_20260622/Participant_31_896_T2R12S4_4_cam2rgbfixed_skeleton.csv,0.033091,11.151555999999987,yield,Participant_31_896_T2R12S4_4_cam2rgbfixed,4,yield,3584,3752,237.193911,248.312376
2,train,Participant_31_896_T2R12S5_6_cam2rgbfixed,Full33SkeletonData/stage1_scene_clips_20260622/Participant_31_896_T2R12S5_6_cam2rgbfixed_skeleton.csv,0.033091,10.82064899999999,yield,Participant_31_896_T2R12S5_6_cam2rgbfixed,6,yield,4272,4435,282.726671,293.514229
2,train,Participant_31_023_T3R12S1_1_cam2rgbfixed,Full33SkeletonData/stage1_scene_clips_20260622/Participant_31_023_T3R12S1_1_cam2rgbfixed_skeleton.csv,0.035373,10.576582,overtake,Participant_31_023_T3R12S1_1_cam2rgbfixed,1,overtake_left,143,292,10.116732,20.657941
2,train,Participant_31_023_T3R12S4_4_cam2rgbfixed,Full33SkeletonData/stage1_scene_clips_20260622/Participant_31_023_T3R12S4_4_cam2rgbfixed_skeleton.csv,0.035373,11.213300000000011,yield,Participant_31_023_T3R12S4_4_cam2rgbfixed,4,yield,3769,3927,266.643085,277.821012
2,train,Participant_31_023_T3R12S5_6_cam2rgbfixed,Full33SkeletonData/stage1_scene_clips_20260622/Participant_31_023_T3R12S5_6_cam2rgbfixed_skeleton.csv,0.035373,11.071806999999986,yield,Participant_31_023_T3R12S5_6_cam2rgbfixed,6,yield,4542,4698,321.330032,332.366466
2,train,Participant_31_023_T3R12S6_2_cam2rgbfixed,Full33SkeletonData/stage1_scene_clips_20260622/Participant_31_023_T3R12S6_2_cam2rgbfixed_skeleton.csv,0.035373,10.576582000000037,straight,Participant_31_023_T3R12S6_2_cam2rgbfixed,2,straight,6043,6192,427.52034,438.061549
2,train,Participant_32_540_T1R21S1_4_cam2rgbfixed,Full33SkeletonData/stage1_scene_clips_20260622/Participant_32_540_T1R21S1_4_cam2rgbfixed_skeleton.csv,0.03147,11.423716,straight,Participant_32_540_T1R21S1_4_cam2rgbfixed,4,straight,6,186,0.377644,11.76989
2,train,Participant_32_540_T1R21S2_6_cam2rgbfixed,Full33SkeletonData/stage1_scene_clips_20260622/Participant_32_540_T1R21S2_6_cam2rgbfixed_skeleton.csv,0.03147,10.164904000000002,yield,Participant_32_540_T1R21S2_6_cam2rgbfixed,6,yield,650,811,40.91138,51.044814
2,train,Participant_32_540_T1R21S3_2_cam2rgbfixed,Full33SkeletonData/stage1_scene_clips_20260622/Participant_32_540_T1R21S3_2_cam2rgbfixed_skeleton.csv,0.03147,10.479607000000003,straight,Participant_32_540_T1R21S3_2_cam2rgbfixed,2,straight,3175,3341,199.836354,210.284491
2,train,Participant_32_540_T1R21S4_1_cam2rgbfixed,Full33SkeletonData/stage1_scene_clips_20260622/Participant_32_540_T1R21S4_1_cam2rgbfixed_skeleton.csv,0.03147,10.920190999999976,straight,Participant_32_540_T1R21S4_1_cam2rgbfixed,1,straight,4444,4617,279.707956,290.596677
2,train,Participant_32_547_T2R12S4_4_cam2rgbfixed,Full33SkeletonData/stage1_scene_clips_20260622/Participant_32_547_T2R12S4_4_cam2rgbfixed_skeleton.csv,0.031021,11.19865999999998,straight,Participant_32_547_T2R12S4_4_cam2rgbfixed,4,straight,3247,3427,201.451793,212.619432
2,train,Participant_32_547_T2R12S5_6_cam2rgbfixed,Full33SkeletonData/stage1_scene_clips_20260622/Participant_32_547_T2R12S5_6_cam2rgbfixed_skeleton.csv,0.031021,10.144021,overtake,Participant_32_547_T2R12S5_6_cam2rgbfixed,6,overtake_left,3898,4061,241.84142,251.95442
2,train,Participant_32_547_T2R12S6_2_cam2rgbfixed,Full33SkeletonData/stage1_scene_clips_20260622/Participant_32_547_T2R12S6_2_cam2rgbfixed_skeleton.csv,0.031021,10.950489999999993,straight,Participant_32_547_T2R12S6_2_cam2rgbfixed,2,straight,5979,6155,370.951731,381.8712
2,train,Participant_32_698_T3R12S1_1_cam2rgbfixed,Full33SkeletonData/stage1_scene_clips_20260622/Participant_32_698_T3R12S1_1_cam2rgbfixed_skeleton.csv,0.032468,10.746754,overtake,Participant_32_698_T3R12S1_1_cam2rgbfixed,1,overtake_left,30,195,1.948052,12.662338
2,train,Participant_32_698_T3R12S4_4_cam2rgbfixed,Full33SkeletonData/stage1_scene_clips_20260622/Participant_32_698_T3R12S4_4_cam2rgbfixed_skeleton.csv,0.032468,11.006494000000009,yield,Participant_32_698_T3R12S4_4_cam2rgbfixed,4,yield,3415,3584,221.753247,232.727273
2,train,Participant_32_698_T3R12S5_6_cam2rgbfixed,Full33SkeletonData/stage1_scene_clips_20260622/Participant_32_698_T3R12S5_6_cam2rgbfixed_skeleton.csv,0.032468,10.162363999999974,yield,Participant_32_698_T3R12S5_6_cam2rgbfixed,6,yield,4330,4486,281.168831,291.298727
2,train,Participant_32_698_T3R12S6_2_cam2rgbfixed,Full33SkeletonData/stage1_scene_clips_20260622/Participant_32_698_T3R12S6_2_cam2rgbfixed_skeleton.csv,0.032468,10.487013000000053,overtake,Participant_32_698_T3R12S6_2_cam2rgbfixed,2,overtake_right,6214,6375,403.506494,413.961039
2,train,Participant_35_658_T1R21S1_4_cam2rgbfixed,Full33SkeletonData/stage1_scene_clips_20260622/Participant_35_658_T1R21S1_4_cam2rgbfixed_skeleton.csv,0.031153,10.186917,overtake,Participant_35_658_T1R21S1_4_cam2rgbfixed,4,overtake_right,5,168,0.311526,10.46729
2,train,Participant_35_658_T1R21S2_6_cam2rgbfixed,Full33SkeletonData/stage1_scene_clips_20260622/Participant_35_658_T1R21S2_6_cam2rgbfixed_skeleton.csv,0.031153,10.309152999999998,straight,Participant_35_658_T1R21S2_6_cam2rgbfixed,6,straight,541,706,33.707165,43.985165
2,train,Participant_35_658_T1R21S3_2_cam2rgbfixed,Full33SkeletonData/stage1_scene_clips_20260622/Participant_35_658_T1R21S3_2_cam2rgbfixed_skeleton.csv,0.031153,10.934578999999996,yield,Participant_35_658_T1R21S3_2_cam2rgbfixed,2,yield,2692,2867,167.725857,178.629283
2,train,Participant_35_658_T1R21S4_1_cam2rgbfixed,Full33SkeletonData/stage1_scene_clips_20260622/Participant_35_658_T1R21S4_1_cam2rgbfixed_skeleton.csv,0.031153,11.557632999999992,yield,Participant_35_658_T1R21S4_1_cam2rgbfixed,1,yield,4887,5072,304.485981,316.012461
2,train,Participant_35_705_T2R21S1_4_cam2rgbfixed,Full33SkeletonData/stage1_scene_clips_20260622/Participant_35_705_T2R21S1_4_cam2rgbfixed_skeleton.csv,0.030643,10.204081999999998,overtake,Participant_35_705_T2R21S1_4_cam2rgbfixed,4,overtake_left,324,489,19.856591,30.03003
2,train,Participant_35_705_T2R21S2_6_cam2rgbfixed,Full33SkeletonData/stage1_scene_clips_20260622/Participant_35_705_T2R21S2_6_cam2rgbfixed_skeleton.csv,0.030643,10.755654000000002,straight,Participant_35_705_T2R21S2_6_cam2rgbfixed,6,straight,809,984,49.580192,60.305203
2,train,Participant_35_705_T2R21S3_2_cam2rgbfixed,Full33SkeletonData/stage1_scene_clips_20260622/Participant_35_705_T2R21S3_2_cam2rgbfixed_skeleton.csv,0.030643,11.000796999999979,overtake,Participant_35_705_T2R21S3_2_cam2rgbfixed,2,overtake_left,3048,3227,186.799044,197.769198
2,train,Participant_35_705_T2R21S4_1_cam2rgbfixed,Full33SkeletonData/stage1_scene_clips_20260622/Participant_35_705_T2R21S4_1_cam2rgbfixed_skeleton.csv,0.030643,10.143071999999991,overtake,Participant_35_705_T2R21S4_1_cam2rgbfixed,1,overtake_left,4006,4171,245.510817,255.623246
2,train,Participant_35_415_T3R21S1_4_cam2rgbfixed,Full33SkeletonData/stage1_scene_clips_20260622/Participant_35_415_T3R21S1_4_cam2rgbfixed_skeleton.csv,0.030765,10.860201000000002,overtake,Participant_35_415_T3R21S1_4_cam2rgbfixed,4,overtake_left,138,314,8.491263,19.320699
2,train,Participant_35_415_T3R21S2_6_cam2rgbfixed,Full33SkeletonData/stage1_scene_clips_20260622/Participant_35_415_T3R21S2_6_cam2rgbfixed_skeleton.csv,0.030765,10.491016,straight,Participant_35_415_T3R21S2_6_cam2rgbfixed,6,straight,647,817,39.810485,50.270736
2,train,Participant_35_415_T3R21S3_2_cam2rgbfixed,Full33SkeletonData/stage1_scene_clips_20260622/Participant_35_415_T3R21S3_2_cam2rgbfixed_skeleton.csv,0.030765,11.044793999999994,straight,Participant_35_415_T3R21S3_2_cam2rgbfixed,2,straight,2837,3016,174.563131,185.57716
2,train,Participant_35_415_T3R21S4_1_cam2rgbfixed,Full33SkeletonData/stage1_scene_clips_20260622/Participant_35_415_T3R21S4_1_cam2rgbfixed_skeleton.csv,0.030765,10.92173199999999,straight,Participant_35_415_T3R21S4_1_cam2rgbfixed,1,straight,3840,4017,236.278612,247.169579
2,train,Participant_36_114_T1R12S1_1_cam2rgbfixed,Full33SkeletonData/stage1_scene_clips_20260622/Participant_36_114_T1R12S1_1_cam2rgbfixed_skeleton.csv,0.030836,10.514956000000002,overtake,Participant_36_114_T1R12S1_1_cam2rgbfixed,1,overtake_left,45,215,2.775208,13.259328
2,train,Participant_36_114_T1R12S4_4_cam2rgbfixed,Full33SkeletonData/stage1_scene_clips_20260622/Participant_36_114_T1R12S4_4_cam2rgbfixed_skeleton.csv,0.030836,10.391613000000014,straight,Participant_36_114_T1R12S4_4_cam2rgbfixed,4,straight,3420,3588,210.915819,221.276596
2,train,Participant_36_114_T1R12S5_6_cam2rgbfixed,Full33SkeletonData/stage1_scene_clips_20260622/Participant_36_114_T1R12S5_6_cam2rgbfixed_skeleton.csv,0.030836,10.327835999999998,straight,Participant_36_114_T1R12S5_6_cam2rgbfixed,6,straight,3853,4020,237.619488,247.916488
2,train,Participant_36_114_T1R12S6_2_cam2rgbfixed,Full33SkeletonData/stage1_scene_clips_20260622/Participant_36_114_T1R12S6_2_cam2rgbfixed_skeleton.csv,0.030836,10.26683599999999,overtake,Participant_36_114_T1R12S6_2_cam2rgbfixed,2,overtake_left,6062,6228,373.851372,384.087372
2,train,Participant_36_041_T2R21S1_4_cam2rgbfixed,Full33SkeletonData/stage1_scene_clips_20260622/Participant_36_041_T2R21S1_4_cam2rgbfixed_skeleton.csv,0.030699,10.222876000000001,yield,Participant_36_041_T2R21S1_4_cam2rgbfixed,4,yield,1,167,0.061399,10.253576
2,train,Participant_36_041_T2R21S2_6_cam2rgbfixed,Full33SkeletonData/stage1_scene_clips_20260622/Participant_36_041_T2R21S2_6_cam2rgbfixed_skeleton.csv,0.030699,10.407072999999999,straight,Participant_36_041_T2R21S2_6_cam2rgbfixed,6,straight,747,916,45.8648,56.241174
2,train,Participant_36_041_T2R21S3_2_cam2rgbfixed,Full33SkeletonData/stage1_scene_clips_20260622/Participant_36_041_T2R21S3_2_cam2rgbfixed_skeleton.csv,0.030699,11.143856999999999,yield,Participant_36_041_T2R21S3_2_cam2rgbfixed,2,yield,2900,3081,178.056118,189.169276
2,train,Participant_36_041_T2R21S4_1_cam2rgbfixed,Full33SkeletonData/stage1_scene_clips_20260622/Participant_36_041_T2R21S4_1_cam2rgbfixed_skeleton.csv,0.030699,11.450850000000004,straight,Participant_36_041_T2R21S4_1_cam2rgbfixed,1,straight,4079,4265,250.44514,261.865291
2,train,Participant_36_577_T3R21S1_4_cam2rgbfixed,Full33SkeletonData/stage1_scene_clips_20260622/Participant_36_577_T3R21S1_4_cam2rgbfixed_skeleton.csv,0.031344,10.876379000000002,straight,Participant_36_577_T3R21S1_4_cam2rgbfixed,4,straight,19,192,1.191073,12.036108
2,train,Participant_36_577_T3R21S2_6_cam2rgbfixed,Full33SkeletonData/stage1_scene_clips_20260622/Participant_36_577_T3R21S2_6_cam2rgbfixed_skeleton.csv,0.031344,10.124105,yield,Participant_36_577_T3R21S2_6_cam2rgbfixed,6,yield,410,571,25.702107,35.794868
2,train,Participant_36_577_T3R21S3_2_cam2rgbfixed,Full33SkeletonData/stage1_scene_clips_20260622/Participant_36_577_T3R21S3_2_cam2rgbfixed_skeleton.csv,0.031344,10.12434399999999,straight,Participant_36_577_T3R21S3_2_cam2rgbfixed,2,straight,2787,2948,174.711635,184.804635
2,train,Participant_36_577_T3R21S4_1_cam2rgbfixed,Full33SkeletonData/stage1_scene_clips_20260622/Participant_36_577_T3R21S4_1_cam2rgbfixed_skeleton.csv,0.031344,10.751344000000028,overtake,Participant_36_577_T3R21S4_1_cam2rgbfixed,1,overtake_left,3738,3909,234.327984,245.047984
2,train,Participant_37_852_T1R21S1_4_cam2rgbfixed,Full33SkeletonData/stage1_scene_clips_20260622/Participant_37_852_T1R21S1_4_cam2rgbfixed_skeleton.csv,0.03663,11.172630000000003,straight,Participant_37_852_T1R21S1_4_cam2rgbfixed,4,straight,767,919,56.190476,67.326476
2,train,Participant_37_852_T1R21S2_6_cam2rgbfixed,Full33SkeletonData/stage1_scene_clips_20260622/Participant_37_852_T1R21S2_6_cam2rgbfixed_skeleton.csv,0.03663,10.732600000000003,yield,Participant_37_852_T1R21S2_6_cam2rgbfixed,6,yield,1169,1315,85.641026,96.336996
2,train,Participant_37_852_T1R21S3_2_cam2rgbfixed,Full33SkeletonData/stage1_scene_clips_20260622/Participant_37_852_T1R21S3_2_cam2rgbfixed_skeleton.csv,0.03663,10.879121000000053,yield,Participant_37_852_T1R21S3_2_cam2rgbfixed,2,yield,3792,3940,277.802198,288.644689
2,train,Participant_37_675_T2R21S1_4_cam2rgbfixed,Full33SkeletonData/stage1_scene_clips_20260622/Participant_37_675_T2R21S1_4_cam2rgbfixed_skeleton.csv,0.033163,10.380163,straight,Participant_37_675_T2R21S1_4_cam2rgbfixed,4,straight,1,157,0.066326,10.413326
2,train,Participant_37_675_T2R21S2_6_cam2rgbfixed,Full33SkeletonData/stage1_scene_clips_20260622/Participant_37_675_T2R21S2_6_cam2rgbfixed_skeleton.csv,0.033163,10.844163,straight,Participant_37_675_T2R21S2_6_cam2rgbfixed,6,straight,387,550,25.668236,36.479236
2,train,Participant_37_675_T2R21S3_2_cam2rgbfixed,Full33SkeletonData/stage1_scene_clips_20260622/Participant_37_675_T2R21S3_2_cam2rgbfixed_skeleton.csv,0.033163,11.573919999999985,yield,Participant_37_675_T2R21S3_2_cam2rgbfixed,2,yield,2653,2827,175.963388,187.504145
2,train,Participant_37_675_T2R21S4_1_cam2rgbfixed,Full33SkeletonData/stage1_scene_clips_20260622/Participant_37_675_T2R21S4_1_cam2rgbfixed_skeleton.csv,0.033163,10.446374999999987,yield,Participant_37_675_T2R21S4_1_cam2rgbfixed,1,yield,3796,3953,251.774226,262.187438
2,train,Participant_37_547_T3R21S1_4_cam2rgbfixed,Full33SkeletonData/stage1_scene_clips_20260622/Participant_37_547_T3R21S1_4_cam2rgbfixed_skeleton.csv,0.031447,10.345447,yield,Participant_37_547_T3R21S1_4_cam2rgbfixed,4,yield,17,181,1.069182,11.383182
2,train,Participant_37_547_T3R21S2_6_cam2rgbfixed,Full33SkeletonData/stage1_scene_clips_20260622/Participant_37_547_T3R21S2_6_cam2rgbfixed_skeleton.csv,0.031447,10.156843000000002,yield,Participant_37_547_T3R21S2_6_cam2rgbfixed,6,yield,730,891,45.91195,56.037346
2,train,Participant_37_547_T3R21S3_2_cam2rgbfixed,Full33SkeletonData/stage1_scene_clips_20260622/Participant_37_547_T3R21S3_2_cam2rgbfixed_skeleton.csv,0.031447,10.094446999999988,yield,Participant_37_547_T3R21S3_2_cam2rgbfixed,2,yield,3232,3392,203.27044,213.33344
2,train,Participant_37_547_T3R21S4_1_cam2rgbfixed,Full33SkeletonData/stage1_scene_clips_20260622/Participant_37_547_T3R21S4_1_cam2rgbfixed_skeleton.csv,0.031447,10.13459200000004,yield,Participant_37_547_T3R21S4_1_cam2rgbfixed,1,yield,4466,4627,280.880503,290.983648
2,train,Participant_38_217_T1R21S1_4_cam2rgbfixed,Full33SkeletonData/stage1_scene_clips_20260622/Participant_38_217_T1R21S1_4_cam2rgbfixed_skeleton.csv,0.030544,10.293218000000001,straight,Participant_38_217_T1R21S1_4_cam2rgbfixed,4,straight,3,170,0.183262,10.445938
2,train,Participant_38_217_T1R21S2_6_cam2rgbfixed,Full33SkeletonData/stage1_scene_clips_20260622/Participant_38_217_T1R21S2_6_cam2rgbfixed_skeleton.csv,0.030544,10.109544000000001,straight,Participant_38_217_T1R21S2_6_cam2rgbfixed,6,straight,419,584,25.595602,35.674602
2,train,Participant_38_217_T1R21S3_2_cam2rgbfixed,Full33SkeletonData/stage1_scene_clips_20260622/Participant_38_217_T1R21S3_2_cam2rgbfixed_skeleton.csv,0.030544,11.392791999999995,straight,Participant_38_217_T1R21S3_2_cam2rgbfixed,2,straight,2494,2680,152.351863,163.714111
2,train,Participant_38_217_T1R21S4_1_cam2rgbfixed,Full33SkeletonData/stage1_scene_clips_20260622/Participant_38_217_T1R21S4_1_cam2rgbfixed_skeleton.csv,0.030544,10.293219000000002,straight,Participant_38_217_T1R21S4_1_cam2rgbfixed,1,straight,3665,3833,223.885156,234.147831
2,train,Participant_38_305_T2R12S1_1_cam2rgbfixed,Full33SkeletonData/stage1_scene_clips_20260622/Participant_38_305_T2R12S1_1_cam2rgbfixed_skeleton.csv,0.031029,11.325555,overtake,Participant_38_305_T2R12S1_1_cam2rgbfixed,1,overtake_left,2,184,0.124116,11.418642
2,train,Participant_38_305_T2R12S4_4_cam2rgbfixed,Full33SkeletonData/stage1_scene_clips_20260622/Participant_38_305_T2R12S4_4_cam2rgbfixed_skeleton.csv,0.031029,11.449671000000006,straight,Participant_38_305_T2R12S4_4_cam2rgbfixed,4,straight,3528,3712,218.940052,230.358694
2,train,Participant_38_305_T2R12S5_6_cam2rgbfixed,Full33SkeletonData/stage1_scene_clips_20260622/Participant_38_305_T2R12S5_6_cam2rgbfixed_skeleton.csv,0.031029,11.015266000000008,straight,Participant_38_305_T2R12S5_6_cam2rgbfixed,6,straight,3962,4139,245.873154,256.857391
2,train,Participant_38_305_T2R12S6_2_cam2rgbfixed,Full33SkeletonData/stage1_scene_clips_20260622/Participant_38_305_T2R12S6_2_cam2rgbfixed_skeleton.csv,0.031029,11.573786999999992,straight,Participant_38_305_T2R12S6_2_cam2rgbfixed,2,straight,6012,6198,373.091721,384.634479
2,train,Participant_38_648_T3R12S1_1_cam2rgbfixed,Full33SkeletonData/stage1_scene_clips_20260622/Participant_38_648_T3R12S1_1_cam2rgbfixed_skeleton.csv,0.030388,11.456180999999999,straight,Participant_38_648_T3R12S1_1_cam2rgbfixed,1,straight,4,192,0.243102,11.668895
2,train,Participant_38_648_T3R12S4_4_cam2rgbfixed,Full33SkeletonData/stage1_scene_clips_20260622/Participant_38_648_T3R12S4_4_cam2rgbfixed_skeleton.csv,0.030388,12.124711000000003,straight,Participant_38_648_T3R12S4_4_cam2rgbfixed,4,straight,3403,3602,206.819011,218.913334
2,train,Participant_38_648_T3R12S5_6_cam2rgbfixed,Full33SkeletonData/stage1_scene_clips_20260622/Participant_38_648_T3R12S5_6_cam2rgbfixed_skeleton.csv,0.030388,11.030388,straight,Participant_38_648_T3R12S5_6_cam2rgbfixed,6,straight,3826,4007,232.527045,243.527045
2,train,Participant_38_648_T3R12S6_2_cam2rgbfixed,Full33SkeletonData/stage1_scene_clips_20260622/Participant_38_648_T3R12S6_2_cam2rgbfixed_skeleton.csv,0.030388,10.848426000000002,straight,Participant_38_648_T3R12S6_2_cam2rgbfixed,2,straight,5977,6155,363.255136,374.073174
2,train,Participant_39_942_T1R21S1_4_cam2rgbfixed,Full33SkeletonData/stage1_scene_clips_20260622/Participant_39_942_T1R21S1_4_cam2rgbfixed_skeleton.csv,0.030477,10.14901,straight,Participant_39_942_T1R21S1_4_cam2rgbfixed,4,straight,47,213,2.864806,12.983339
2,train,Participant_39_942_T1R21S2_6_cam2rgbfixed,Full33SkeletonData/stage1_scene_clips_20260622/Participant_39_942_T1R21S2_6_cam2rgbfixed_skeleton.csv,0.030477,13.684018999999997,overtake,Participant_39_942_T1R21S2_6_cam2rgbfixed,6,overtake_left,385,609,23.467024,37.120566
2,train,Participant_39_942_T1R21S3_2_cam2rgbfixed,Full33SkeletonData/stage1_scene_clips_20260622/Participant_39_942_T1R21S3_2_cam2rgbfixed_skeleton.csv,0.030477,11.18493300000001,overtake,Participant_39_942_T1R21S3_2_cam2rgbfixed,2,overtake_left,2722,2905,165.914909,177.069365
2,train,Participant_39_942_T1R21S4_1_cam2rgbfixed,Full33SkeletonData/stage1_scene_clips_20260622/Participant_39_942_T1R21S4_1_cam2rgbfixed_skeleton.csv,0.030477,11.672476999999995,overtake,Participant_39_942_T1R21S4_1_cam2rgbfixed,1,overtake_left,3759,3950,229.123491,240.765491
2,train,Participant_39_893_T2R21S1_4_cam2rgbfixed,Full33SkeletonData/stage1_scene_clips_20260622/Participant_39_893_T2R21S1_4_cam2rgbfixed_skeleton.csv,0.03044,10.50144,overtake,Participant_39_893_T2R21S1_4_cam2rgbfixed,4,overtake_left,10,182,0.608791,11.079791
2,train,Participant_39_893_T2R21S2_6_cam2rgbfixed,Full33SkeletonData/stage1_scene_clips_20260622/Participant_39_893_T2R21S2_6_cam2rgbfixed_skeleton.csv,0.03044,10.075440000000002,yield,Participant_39_893_T2R21S2_6_cam2rgbfixed,6,yield,531,696,32.326799,42.371799
2,train,Participant_39_893_T2R21S3_2_cam2rgbfixed,Full33SkeletonData/stage1_scene_clips_20260622/Participant_39_893_T2R21S3_2_cam2rgbfixed_skeleton.csv,0.03044,11.658439999999986,overtake,Participant_39_893_T2R21S3_2_cam2rgbfixed,2,overtake_left,2953,3144,179.775965,191.403965
2,train,Participant_39_893_T2R21S4_1_cam2rgbfixed,Full33SkeletonData/stage1_scene_clips_20260622/Participant_39_893_T2R21S4_1_cam2rgbfixed_skeleton.csv,0.03044,10.319440000000016,yield,Participant_39_893_T2R21S4_1_cam2rgbfixed,1,yield,3876,4045,235.967369,246.256369
2,train,Participant_39_957_T3R12S1_1_cam2rgbfixed,Full33SkeletonData/stage1_scene_clips_20260622/Participant_39_957_T3R12S1_1_cam2rgbfixed_skeleton.csv,0.030432,10.127752999999998,overtake,Participant_39_957_T3R12S1_1_cam2rgbfixed,1,overtake_left,9,175,0.547779,10.6451
2,train,Participant_39_957_T3R12S4_4_cam2rgbfixed,Full33SkeletonData/stage1_scene_clips_20260622/Participant_39_957_T3R12S4_4_cam2rgbfixed_skeleton.csv,0.030432,12.264150999999979,overtake,Participant_39_957_T3R12S4_4_cam2rgbfixed,4,overtake_left,3418,3619,208.034084,220.267803
2,train,Participant_39_957_T3R12S5_6_cam2rgbfixed,Full33SkeletonData/stage1_scene_clips_20260622/Participant_39_957_T3R12S5_6_cam2rgbfixed_skeleton.csv,0.030432,10.255431999999994,yield,Participant_39_957_T3R12S5_6_cam2rgbfixed,6,yield,3858,4026,234.814364,245.039364
2,train,Participant_39_957_T3R12S6_2_cam2rgbfixed,Full33SkeletonData/stage1_scene_clips_20260622/Participant_39_957_T3R12S6_2_cam2rgbfixed_skeleton.csv,0.030432,11.838100999999975,straight,Participant_39_957_T3R12S6_2_cam2rgbfixed,2,straight,6338,6532,385.75776,397.565429
2,train,Participant_40_733_T1R12S1_1_cam2rgbfixed,Full33SkeletonData/stage1_scene_clips_20260622/Participant_40_733_T1R12S1_1_cam2rgbfixed_skeleton.csv,0.030592,12.020592,overtake,Participant_40_733_T1R12S1_1_cam2rgbfixed,1,overtake_left,15,211,0.917768,12.907768
2,train,Participant_40_733_T1R12S4_4_cam2rgbfixed,Full33SkeletonData/stage1_scene_clips_20260622/Participant_40_733_T1R12S4_4_cam2rgbfixed_skeleton.csv,0.030592,10.187225,yield,Participant_40_733_T1R12S4_4_cam2rgbfixed,4,yield,3598,3763,220.141948,230.298581
2,train,Participant_40_733_T1R12S5_6_cam2rgbfixed,Full33SkeletonData/stage1_scene_clips_20260622/Participant_40_733_T1R12S5_6_cam2rgbfixed_skeleton.csv,0.030592,10.370591999999975,overtake,Participant_40_733_T1R12S5_6_cam2rgbfixed,6,overtake_left,4180,4349,255.751346,266.091346
2,train,Participant_40_733_T1R12S6_2_cam2rgbfixed,Full33SkeletonData/stage1_scene_clips_20260622/Participant_40_733_T1R12S6_2_cam2rgbfixed_skeleton.csv,0.030592,10.125728999999966,yield,Participant_40_733_T1R12S6_2_cam2rgbfixed,2,yield,6335,6500,387.604014,397.699151
2,train,Participant_40_651_T2R21S3_2_cam2rgbfixed,Full33SkeletonData/stage1_scene_clips_20260622/Participant_40_651_T2R21S3_2_cam2rgbfixed_skeleton.csv,0.030943,10.550942999999997,yield,Participant_40_651_T2R21S3_2_cam2rgbfixed,2,yield,1646,1816,101.862739,112.382739
2,train,Participant_40_651_T2R21S4_1_cam2rgbfixed,Full33SkeletonData/stage1_scene_clips_20260622/Participant_40_651_T2R21S4_1_cam2rgbfixed_skeleton.csv,0.030943,11.541556000000007,overtake,Participant_40_651_T2R21S4_1_cam2rgbfixed,1,overtake_left,3002,3188,185.778823,197.289436
2,train,Participant_40_882_T3R12S1_1_cam2rgbfixed,Full33SkeletonData/stage1_scene_clips_20260622/Participant_40_882_T3R12S1_1_cam2rgbfixed_skeleton.csv,0.0306,10.9856,overtake,Participant_40_882_T3R12S1_1_cam2rgbfixed,1,overtake_left,102,281,6.24235,17.19735
2,train,Participant_40_882_T3R12S4_4_cam2rgbfixed,Full33SkeletonData/stage1_scene_clips_20260622/Participant_40_882_T3R12S4_4_cam2rgbfixed_skeleton.csv,0.0306,11.903304999999996,yield,Participant_40_882_T3R12S4_4_cam2rgbfixed,4,yield,3914,4108,239.534884,251.407589
2,train,Participant_40_882_T3R12S5_6_cam2rgbfixed,Full33SkeletonData/stage1_scene_clips_20260622/Participant_40_882_T3R12S5_6_cam2rgbfixed_skeleton.csv,0.0306,11.107712,yield,Participant_40_882_T3R12S5_6_cam2rgbfixed,6,yield,4544,4725,278.090575,289.167687
2,train,Participant_40_882_T3R12S6_2_cam2rgbfixed,Full33SkeletonData/stage1_scene_clips_20260622/Participant_40_882_T3R12S6_2_cam2rgbfixed_skeleton.csv,0.0306,12.209302000000044,yield,Participant_40_882_T3R12S6_2_cam2rgbfixed,2,yield,6845,7044,418.910649,431.089351
2,train,Participant_5_850_T1R21S1_4_cam2rgbfixed,Full33SkeletonData/stage1_scene_clips_20260622/Participant_5_850_T1R21S1_4_cam2rgbfixed_skeleton.csv,0.030414,11.465937,straight,Participant_5_850_T1R21S1_4_cam2rgbfixed,4,straight,471,659,28.649635,40.085158
2,train,Participant_5_850_T1R21S2_6_cam2rgbfixed,Full33SkeletonData/stage1_scene_clips_20260622/Participant_5_850_T1R21S2_6_cam2rgbfixed_skeleton.csv,0.030414,11.040414000000006,straight,Participant_5_850_T1R21S2_6_cam2rgbfixed,6,straight,1035,1216,62.956204,73.966204
2,train,Participant_5_850_T1R21S3_2_cam2rgbfixed,Full33SkeletonData/stage1_scene_clips_20260622/Participant_5_850_T1R21S3_2_cam2rgbfixed_skeleton.csv,0.030414,10.857663999999993,overtake,Participant_5_850_T1R21S3_2_cam2rgbfixed,2,overtake_left,3694,3872,224.695864,235.523114
2,train,Participant_5_850_T1R21S4_1_cam2rgbfixed,Full33SkeletonData/stage1_scene_clips_20260622/Participant_5_850_T1R21S4_1_cam2rgbfixed_skeleton.csv,0.030414,10.432413999999987,overtake,Participant_5_850_T1R21S4_1_cam2rgbfixed,1,overtake_left,5087,5258,309.428224,319.830224
2,train,Participant_5_250_T2R21S1_4_cam2rgbfixed,Full33SkeletonData/stage1_scene_clips_20260622/Participant_5_250_T2R21S1_4_cam2rgbfixed_skeleton.csv,0.03059,11.532578,straight,Participant_5_250_T2R21S1_4_cam2rgbfixed,4,straight,455,643,27.837259,39.339247
2,train,Participant_5_250_T2R21S2_6_cam2rgbfixed,Full33SkeletonData/stage1_scene_clips_20260622/Participant_5_250_T2R21S2_6_cam2rgbfixed_skeleton.csv,0.03059,10.064589999999999,yield,Participant_5_250_T2R21S2_6_cam2rgbfixed,6,yield,971,1135,59.406546,69.440546
2,train,Participant_5_250_T2R21S3_2_cam2rgbfixed,Full33SkeletonData/stage1_scene_clips_20260622/Participant_5_250_T2R21S3_2_cam2rgbfixed_skeleton.csv,0.03059,10.124856000000005,straight,Participant_5_250_T2R21S3_2_cam2rgbfixed,2,straight,3894,4059,238.237993,248.332259
2,train,Participant_5_250_T2R21S4_1_cam2rgbfixed,Full33SkeletonData/stage1_scene_clips_20260622/Participant_5_250_T2R21S4_1_cam2rgbfixed_skeleton.csv,0.03059,10.43159000000001,straight,Participant_5_250_T2R21S4_1_cam2rgbfixed,1,straight,5062,5232,309.697155,320.098155
2,train,Participant_5_587_T3R21S1_4_cam2rgbfixed,Full33SkeletonData/stage1_scene_clips_20260622/Participant_5_587_T3R21S1_4_cam2rgbfixed_skeleton.csv,0.027814,10.040814,yield,Participant_5_587_T3R21S1_4_cam2rgbfixed,4,yield,246,426,13.684152,23.697152
2,train,Participant_5_587_T3R21S2_6_cam2rgbfixed,Full33SkeletonData/stage1_scene_clips_20260622/Participant_5_587_T3R21S2_6_cam2rgbfixed_skeleton.csv,0.027814,10.596814000000002,yield,Participant_5_587_T3R21S2_6_cam2rgbfixed,6,yield,1210,1400,67.308227,77.877227
2,train,Participant_5_587_T3R21S3_2_cam2rgbfixed,Full33SkeletonData/stage1_scene_clips_20260622/Participant_5_587_T3R21S3_2_cam2rgbfixed_skeleton.csv,0.027814,10.096719999999998,yield,Participant_5_587_T3R21S3_2_cam2rgbfixed,2,yield,4243,4424,236.023808,246.092714
2,train,Participant_5_587_T3R21S4_1_cam2rgbfixed,Full33SkeletonData/stage1_scene_clips_20260622/Participant_5_587_T3R21S4_1_cam2rgbfixed_skeleton.csv,0.027814,10.083441000000015,yield,Participant_5_587_T3R21S4_1_cam2rgbfixed,1,yield,5778,5959,321.410691,331.466318
